gt_height_mm,gt_width_mm,image,raw_abs_err_h,raw_abs_err_w,raw_height_mm,raw_pct_err_h,raw_pct_err_w,raw_width_mm,undistorted_abs_err_h,undistorted_abs_err_w,undistorted_height_mm,undistorted_pct_err_h,undistorted_pct_err_w,undistorted_width_mm
53.98,85.6,card_0001.jpg,0.28,5.34,54.26,0.52,6.24,90.94,0.82,6.35,54.8,1.51,7.41,91.95
53.98,85.6,card_0002.jpg,3.9,6.36,57.88,7.22,7.43,91.96,4.11,6.32,58.09,7.62,7.39,91.92
53.98,85.6,card_0003.jpg,2.72,3.22,51.26,5.04,3.77,82.38,0.3,0.61,53.68,0.56,0.71,84.99
53.98,85.6,card_0004.jpg,2.14,7.62,56.12,3.96,8.91,93.22,3.09,7.41,57.07,5.73,8.65,93.01
53.98,85.6,card_0005.jpg,1.72,3.42,55.7,3.18,4.0,89.02,1.82,1.91,55.8,3.37,2.23,87.51
53.98,85.6,card_0006.jpg,0.26,0.08,53.72,0.49,0.1,85.68,1.88,0.96,55.86,3.49,1.12,86.56
53.98,85.6,card_0007.jpg,1.54,2.66,55.52,2.85,3.11,88.26,2.04,1.25,56.02,3.77,1.46,86.85
53.98,85.6,card_0008.jpg,2.4,1.08,51.58,4.45,1.27,86.68,2.3,0.87,51.68,4.27,1.01,84.73
53.98,85.6,card_0009.jpg,4.04,5.79,58.02,7.49,6.77,91.39,3.19,4.03,57.17,5.91,4.71,89.63
53.98,85.6,card_0010.jpg,2.39,2.58,56.37,4.43,3.01,88.18,3.91,4.94,57.89,7.24,5.77,90.54
53.98,85.6,card_0011.jpg,4.68,6.68,58.66,8.66,7.81,92.28,3.82,3.92,57.8,7.08,4.58,89.52
53.98,85.6,card_0012.jpg,1.56,3.89,52.42,2.9,4.54,89.49,0.22,5.44,53.76,0.4,6.35,91.04
53.98,85.6,card_0013.jpg,1.03,1.4,55.01,1.91,1.64,87.0,2.36,4.2,56.34,4.36,4.91,89.8
53.98,85.6,card_0014.jpg,0.59,12.99,53.39,1.1,15.18,72.61,0.98,9.1,54.96,1.82,10.63,76.5
53.98,85.6,card_0015.jpg,4.33,4.33,49.65,8.02,5.06,81.27,4.7,5.64,49.28,8.7,6.59,79.96
53.98,85.6,card_0016.jpg,0.31,0.96,53.67,0.58,1.12,84.64,2.38,3.25,51.6,4.41,3.8,82.35
53.98,85.6,card_0017.jpg,42.16,67.39,11.82,78.11,78.73,18.21,42.37,67.66,11.61,78.49,79.04,17.94
53.98,85.6,card_0018.jpg,1.03,1.71,52.95,1.91,2.0,83.89,0.02,1.97,53.96,0.04,2.3,83.63
53.98,85.6,card_0019.jpg,0.66,2.38,54.64,1.22,2.78,87.98,2.36,4.42,56.34,4.38,5.16,90.02
53.98,85.6,card_0020.jpg,1.1,0.09,52.88,2.04,0.1,85.51,0.15,0.76,54.13,0.27,0.89,86.36
53.98,85.6,card_0021.jpg,5.62,5.16,59.6,10.42,6.03,90.76,4.96,3.92,58.94,9.19,4.57,89.52
53.98,85.6,card_0022.jpg,1.11,2.85,55.09,2.06,3.33,88.45,3.3,5.86,57.28,6.12,6.85,91.46
53.98,85.6,card_0023.jpg,0.78,2.71,53.2,1.45,3.17,82.89,0.17,1.91,54.15,0.32,2.23,83.69
53.98,85.6,card_0024.jpg,1.7,1.92,55.68,3.16,2.24,87.52,0.06,1.32,53.92,0.12,1.54,84.28
53.98,85.6,card_0025.jpg,0.07,0.38,53.91,0.12,0.45,85.22,0.8,1.36,54.78,1.49,1.58,86.96
53.98,85.6,card_0026.jpg,1.0,0.88,52.98,1.85,1.03,84.72,2.46,3.69,51.52,4.55,4.31,81.91
53.98,85.6,card_0027.jpg,0.42,1.45,53.56,0.77,1.69,84.15,1.04,0.32,55.02,1.93,0.37,85.92
53.98,85.6,card_0028.jpg,9.57,7.62,63.55,17.73,8.9,93.22,10.51,8.12,64.49,19.47,9.48,93.72
53.98,85.6,card_0029.jpg,0.99,5.95,52.99,1.84,6.95,79.65,2.35,8.33,51.63,4.36,9.73,77.27
53.98,85.6,card_0030.jpg,1.29,1.52,55.27,2.38,1.78,87.12,2.57,3.31,56.55,4.75,3.87,88.91
53.98,85.6,card_0031.jpg,3.35,4.43,57.33,6.21,5.17,90.03,3.77,4.01,57.75,6.99,4.68,89.61
53.98,85.6,card_0032.jpg,4.37,0.6,49.61,8.09,0.7,85.0,3.78,1.94,50.2,7.0,2.26,87.54
53.98,85.6,card_0033.jpg,0.86,5.44,53.12,1.6,6.36,80.16,0.45,4.58,53.53,0.84,5.35,81.02
53.98,85.6,card_0034.jpg,1.11,1.41,55.09,2.05,1.65,87.01,0.51,0.57,54.49,0.95,0.66,85.03
53.98,85.6,card_0035.jpg,4.85,5.72,58.83,8.99,6.69,91.32,7.76,10.21,61.74,14.38,11.93,95.81
53.98,85.6,card_0036.jpg,4.18,4.44,58.16,7.74,5.18,90.04,6.86,5.88,60.84,12.71,6.87,91.48
53.98,85.6,card_0037.jpg,3.88,5.4,57.86,7.18,6.3,91.0,5.79,7.91,59.77,10.72,9.23,93.51
53.98,85.6,card_0038.jpg,0.87,1.93,54.85,1.61,2.26,87.53,1.57,3.3,55.55,2.9,3.86,88.9
53.98,85.6,card_0039.jpg,1.34,3.8,52.64,2.48,4.45,89.4,2.3,2.18,51.68,4.27,2.55,87.78
53.98,85.6,card_0040.jpg,1.31,2.25,55.29,2.43,2.62,87.85,0.38,0.29,54.36,0.69,0.34,85.31
53.98,85.6,card_0041.jpg,1.39,1.14,55.37,2.57,1.33,86.74,1.33,3.51,52.65,2.45,4.11,82.09
53.98,85.6,card_0042.jpg,3.15,8.12,50.83,5.83,9.49,93.72,0.96,7.95,53.02,1.79,9.28,93.55
53.98,85.6,card_0043.jpg,0.65,1.38,54.63,1.2,1.61,84.22,2.17,0.21,56.15,4.02,0.25,85.81
53.98,85.6,card_0044.jpg,0.33,2.92,53.65,0.61,3.41,82.68,0.37,4.73,53.61,0.68,5.52,80.87
53.98,85.6,card_0045.jpg,0.77,4.86,54.75,1.43,5.68,90.46,0.37,2.43,53.61,0.69,2.84,88.03
53.98,85.6,card_0046.jpg,6.26,4.9,60.24,11.59,5.73,90.5,4.82,3.24,58.8,8.93,3.78,88.84
53.98,85.6,card_0047.jpg,0.73,0.91,54.71,1.34,1.07,86.51,0.36,0.47,54.34,0.67,0.54,85.13
53.98,85.6,card_0048.jpg,43.8,69.39,10.18,81.14,81.06,16.21,46.4,73.66,7.58,85.97,86.05,11.94
53.98,85.6,card_0049.jpg,1.45,2.74,52.53,2.69,3.2,88.34,0.45,3.74,53.53,0.84,4.37,89.34
53.98,85.6,card_0050.jpg,1.39,2.38,55.37,2.57,2.78,87.98,1.77,2.79,55.75,3.28,3.25,88.39
53.98,85.6,card_0051.jpg,4.07,3.75,58.05,7.54,4.38,89.35,4.45,3.58,58.43,8.24,4.19,89.18
53.98,85.6,card_0052.jpg,1.24,2.59,52.74,2.3,3.03,83.01,1.2,2.82,52.78,2.23,3.29,82.78
53.98,85.6,card_0053.jpg,2.24,2.43,51.74,4.16,2.84,88.03,2.53,0.08,51.45,4.69,0.09,85.52
53.98,85.6,card_0054.jpg,1.31,3.55,55.29,2.43,4.15,89.15,1.73,2.1,55.71,3.2,2.45,87.7
53.98,85.6,card_0055.jpg,1.51,2.88,55.49,2.8,3.36,88.48,2.82,5.27,56.8,5.23,6.15,90.87
53.98,85.6,card_0056.jpg,4.14,4.87,58.12,7.67,5.69,90.47,6.72,9.11,60.7,12.45,10.64,94.71
53.98,85.6,card_0057.jpg,0.66,3.53,53.32,1.21,4.12,89.13,0.95,4.79,54.93,1.75,5.6,90.39
53.98,85.6,card_0058.jpg,7.02,5.79,61.0,13.01,6.76,91.39,3.93,5.33,57.91,7.29,6.23,90.93
53.98,85.6,card_0059.jpg,3.23,3.69,57.21,5.99,4.31,89.29,4.71,5.1,58.69,8.72,5.95,90.7
53.98,85.6,card_0060.jpg,1.51,2.35,55.49,2.79,2.74,87.95,1.99,2.62,55.97,3.68,3.06,88.22
53.98,85.6,card_0061.jpg,0.86,1.24,54.84,1.58,1.45,86.84,2.17,1.89,56.15,4.03,2.2,87.49
53.98,85.6,card_0062.jpg,2.38,4.68,51.6,4.42,5.47,90.28,0.85,4.47,54.83,1.58,5.22,90.07
53.98,85.6,card_0063.jpg,0.6,0.52,53.38,1.12,0.61,86.12,1.23,0.5,52.75,2.28,0.58,85.1
53.98,85.6,card_0064.jpg,0.11,0.38,53.87,0.2,0.44,85.98,2.99,2.99,50.99,5.53,3.5,82.61
53.98,85.6,card_0065.jpg,1.46,1.94,55.44,2.71,2.26,87.54,1.5,1.3,55.48,2.77,1.52,86.9
53.98,85.6,card_0066.jpg,0.76,2.45,53.22,1.4,2.86,83.15,1.39,0.39,55.37,2.58,0.45,85.21
53.98,85.6,card_0067.jpg,1.16,3.82,52.82,2.14,4.47,81.78,2.59,7.09,51.39,4.79,8.28,78.51
53.98,85.6,card_0068.jpg,4.07,3.62,58.05,7.55,4.23,89.22,5.48,5.28,59.46,10.15,6.17,90.88
53.98,85.6,card_0069.jpg,1.6,1.63,55.58,2.96,1.9,87.23,2.45,2.26,56.43,4.54,2.64,87.86
53.98,85.6,card_0070.jpg,2.0,1.81,55.98,3.7,2.11,87.41,1.79,1.04,55.77,3.31,1.22,86.64
53.98,85.6,card_0071.jpg,5.09,6.1,59.07,9.43,7.13,91.7,3.65,3.51,57.63,6.76,4.1,89.11
53.98,85.6,card_0072.jpg,1.08,1.16,55.06,2.0,1.35,86.76,1.94,3.01,55.92,3.59,3.52,88.61
53.98,85.6,card_0073.jpg,0.89,3.46,53.09,1.65,4.04,82.14,0.08,2.28,54.06,0.15,2.66,83.32
53.98,85.6,card_0074.jpg,3.07,4.41,57.05,5.69,5.16,90.01,5.22,8.29,59.2,9.67,9.68,93.89
53.98,85.6,card_0075.jpg,1.46,2.14,55.44,2.71,2.5,87.74,1.84,2.04,55.82,3.4,2.38,87.64
53.98,85.6,card_0076.jpg,0.43,0.16,53.55,0.79,0.19,85.44,2.19,0.9,56.17,4.06,1.05,86.5
53.98,85.6,card_0077.jpg,3.4,6.7,50.58,6.29,7.83,92.3,1.22,8.29,52.76,2.27,9.69,93.89
53.98,85.6,card_0078.jpg,4.59,2.28,49.39,8.51,2.67,87.88,2.99,5.23,50.99,5.54,6.11,90.83
53.98,85.6,card_0079.jpg,0.9,0.88,53.08,1.67,1.03,84.72,6.17,8.06,47.81,11.44,9.41,77.54
53.98,85.6,card_0080.jpg,1.06,0.58,52.92,1.97,0.67,86.18,1.19,5.85,55.17,2.2,6.84,91.45
53.98,85.6,card_0081.jpg,0.83,0.54,54.81,1.54,0.63,86.14,2.3,3.29,56.28,4.26,3.85,88.89
53.98,85.6,card_0082.jpg,1.31,2.78,55.29,2.43,3.25,88.38,4.42,6.86,58.4,8.2,8.02,92.46
53.98,85.6,card_0083.jpg,0.73,3.31,53.25,1.35,3.86,82.29,0.39,2.52,53.59,0.73,2.94,83.08
53.98,85.6,card_0084.jpg,1.75,2.01,52.23,3.25,2.35,87.61,0.47,4.24,53.51,0.88,4.95,89.84
53.98,85.6,card_0085.jpg,0.69,3.36,53.29,1.27,3.92,88.96,0.71,1.93,53.27,1.32,2.26,87.53
53.98,85.6,card_0086.jpg,0.75,2.39,53.23,1.38,2.8,87.99,0.85,0.65,53.13,1.57,0.76,86.25
53.98,85.6,card_0087.jpg,2.05,4.2,51.93,3.8,4.9,81.4,0.65,2.79,53.33,1.2,3.26,82.81
53.98,85.6,card_0088.jpg,0.62,2.75,53.36,1.14,3.21,82.85,0.53,3.2,53.45,0.98,3.74,82.4
53.98,85.6,card_0089.jpg,8.5,7.99,62.48,15.75,9.34,93.59,4.91,3.18,58.89,9.1,3.72,88.78
53.98,85.6,card_0090.jpg,0.03,10.42,54.01,0.06,12.18,75.18,0.65,9.39,54.63,1.21,10.97,76.21
